{
  "Transparency" : 0.14999999999999999,
  "Tags" : [

  ],
  "Ansi 12 Color" : {
    "Red Component" : 0.75670307874679565,
    "Color Space" : "sRGB",
    "Alpha Component" : 1,
    "Blue Component" : 0.93142408132553101,
    "Green Component" : 0.79868674278259277
  },
  "Ansi 7 Color" : {
    "Red Component" : 0.763519287109375,
    "Color Space" : "sRGB",
    "Alpha Component" : 1,
    "Blue Component" : 1,
    "Green Component" : 0.96128898859024048
  },
  "Draw Powerline Glyphs" : true,
  "Bold Color" : {
    "Red Component" : 0.7633209228515625,
    "Color Space" : "sRGB",
    "Alpha Component" : 1,
    "Blue Component" : 1,
    "Green Component" : 0.89811414480209351
  },
  "Ansi 8 Color" : {
    "Red Component" : 0.25053632259368896,
    "Color Space" : "sRGB",
    "Alpha Component" : 1,
    "Blue Component" : 0.41943359375,
    "Green Component" : 0.34588190913200378
  },
  "Ansi 9 Color" : {
    "Red Component" : 0.21788531541824341,
    "Color Space" : "sRGB",
    "Alpha Component" : 1,
    "Blue Component" : 0.55564159154891968,
    "Green Component" : 0.7426719069480896
  },
  "Ansi 1 Color" : {
    "Red Component" : 0.20119595527648926,
    "Color Space" : "sRGB",
    "Alpha Component" : 1,
    "Blue Component" : 0.52563226222991943,
    "Green Component" : 0.6921955943107605
  },
  "Rows" : 50,
  "Default Bookmark" : "No",
  "Custom Directory" : "No",
  "Cursor Guide Color" : {
    "Red Component" : 0.35976535081863403,
    "Color Space" : "sRGB",
    "Alpha Component" : 1,
    "Blue Component" : 0.8450053334236145,
    "Green Component" : 0.36515903472900391
  },
  "Non-ASCII Anti Aliased" : true,
  "Use Bright Bold" : true,
  "Ansi 10 Color" : {
    "Red Component" : 0.53029316663742065,
    "Color Space" : "sRGB",
    "Alpha Component" : 1,
    "Blue Component" : 0.859039306640625,
    "Green Component" : 0.7341424822807312
  },
  "Ambiguous Double Width" : false,
  "Jobs to Ignore" : [
    "rlogin",
    "ssh",
    "slogin",
    "telnet"
  ],
  "Show Status Bar" : true,
  "Ansi 15 Color" : {
    "Red Component" : 0.90866708755493164,
    "Color Space" : "sRGB",
    "Alpha Component" : 1,
    "Blue Component" : 0.90867698192596436,
    "Green Component" : 0.90868842601776123
  },
  "Foreground Color" : {
    "Red Component" : 0.61438560485839844,
    "Color Space" : "sRGB",
    "Alpha Component" : 1,
    "Blue Component" : 0.8184814453125,
    "Green Component" : 0.7275351881980896
  },
  "Working Directory" : "\/Users\/christofferwesen",
  "Blinking Cursor" : true,
  "Disable Window Resizing" : true,
  "Sync Title" : false,
  "Prompt Before Closing 2" : false,
  "BM Growl" : true,
  "Mouse Reporting" : true,
  "Command" : "",
  "Description" : "Default",
  "Screen" : -1,
  "Selection Color" : {
    "Red Component" : 0.83398717641830444,
    "Color Space" : "sRGB",
    "Alpha Component" : 1,
    "Blue Component" : 0.99720245599746704,
    "Green Component" : 0.9614827036857605
  },
  "Only The Default BG Color Uses Transparency" : true,
  "Columns" : 120,
  "Idle Code" : 0,
  "Ansi 13 Color" : {
    "Red Component" : 0.75670307874679565,
    "Color Space" : "sRGB",
    "Alpha Component" : 1,
    "Blue Component" : 0.93142408132553101,
    "Green Component" : 0.79868674278259277
  },
  "Custom Command" : "No",
  "ASCII Anti Aliased" : true,
  "Non Ascii Font" : "Monaco 12",
  "Vertical Spacing" : 1,
  "Use Bold Font" : true,
  "Option Key Sends" : 0,
  "Selected Text Color" : {
    "Red Component" : 0.89761346578598022,
    "Color Space" : "sRGB",
    "Alpha Component" : 1,
    "Blue Component" : 0.90991038084030151,
    "Green Component" : 0.90588557720184326
  },
  "Background Color" : {
    "Red Component" : 0.058823529411764705,
    "Color Space" : "sRGB",
    "Alpha Component" : 1,
    "Blue Component" : 0.090196078431372548,
    "Green Component" : 0.070588235294117646
  },
  "Character Encoding" : 4,
  "Ansi 11 Color" : {
    "Red Component" : 0.65791910886764526,
    "Color Space" : "sRGB",
    "Alpha Component" : 1,
    "Blue Component" : 0.87684184312820435,
    "Green Component" : 0.86686414480209351
  },
  "Use Italic Font" : true,
  "Unlimited Scrollback" : false,
  "Keyboard Map" : {
    "0xf728-0x80000" : {
      "Action" : 10,
      "Text" : "d"
    },
    "0xf702-0x280000" : {
      "Action" : 10,
      "Text" : "b"
    },
    "0xf70d-0x20000" : {
      "Action" : 10,
      "Text" : "[21;2~"
    },
    "0x7f-0x80000" : {
      "Action" : 11,
      "Text" : "0x1b 0x7f"
    },
    "0xf708-0x20000" : {
      "Action" : 10,
      "Text" : "[15;2~"
    },
    "0x33-0x40000" : {
      "Action" : 11,
      "Text" : "0x1b"
    },
    "0xf703-0x260000" : {
      "Action" : 10,
      "Text" : "[1;6C"
    },
    "0xf729-0x20000" : {
      "Action" : 10,
      "Text" : "[1;2H"
    },
    "0xf702-0x260000" : {
      "Action" : 10,
      "Text" : "[1;6D"
    },
    "0x38-0x40000" : {
      "Action" : 11,
      "Text" : "0x7f"
    },
    "0xf72b-0x40000" : {
      "Action" : 10,
      "Text" : "[1;5F"
    },
    "0xf70c-0x20000" : {
      "Action" : 10,
      "Text" : "[20;2~"
    },
    "0xf701-0x260000" : {
      "Action" : 10,
      "Text" : "[1;6B"
    },
    "0x32-0x40000" : {
      "Action" : 11,
      "Text" : "0x00"
    },
    "0xf707-0x20000" : {
      "Action" : 10,
      "Text" : "[1;2S"
    },
    "0xf703-0x240000" : {
      "Action" : 10,
      "Text" : "[1;5C"
    },
    "0xf700-0x260000" : {
      "Action" : 10,
      "Text" : "[1;6A"
    },
    "0xf702-0x240000" : {
      "Action" : 10,
      "Text" : "[1;5D"
    },
    "0xf703-0x300000" : {
      "Action" : 11,
      "Text" : "0x5"
    },
    "0x37-0x40000" : {
      "Action" : 11,
      "Text" : "0x1f"
    },
    "0x3-0x200000" : {
      "Action" : 11,
      "Text" : "0xd"
    },
    "0xf701-0x240000" : {
      "Action" : 10,
      "Text" : "[1;5B"
    },
    "0xf702-0x300000" : {
      "Action" : 11,
      "Text" : "0x1"
    },
    "0xf703-0x220000" : {
      "Action" : 10,
      "Text" : "[1;2C"
    },
    "0xf739-0x0" : {
      "Action" : 13,
      "Text" : ""
    },
    "0xf70b-0x20000" : {
      "Action" : 10,
      "Text" : "[19;2~"
    },
    "0xf728-0x0" : {
      "Action" : 11,
      "Text" : "0x4"
    },
    "0xf706-0x20000" : {
      "Action" : 10,
      "Text" : "[1;2R"
    },
    "0xf700-0x240000" : {
      "Action" : 10,
      "Text" : "[1;5A"
    },
    "0xf702-0x220000" : {
      "Action" : 10,
      "Text" : "[1;2D"
    },
    "0x36-0x40000" : {
      "Action" : 11,
      "Text" : "0x1e"
    },
    "0xf70f-0x20000" : {
      "Action" : 10,
      "Text" : "[24;2~"
    },
    "0xf701-0x220000" : {
      "Action" : 10,
      "Text" : "[1;2B"
    },
    "0xf70a-0x20000" : {
      "Action" : 10,
      "Text" : "[18;2~"
    },
    "0xf729-0x40000" : {
      "Action" : 10,
      "Text" : "[1;5H"
    },
    "0xf72b-0x20000" : {
      "Action" : 10,
      "Text" : "[1;2F"
    },
    "0xf700-0x220000" : {
      "Action" : 10,
      "Text" : "[1;2A"
    },
    "0x30-0x200000" : {
      "Action" : 12,
      "Text" : "0"
    },
    "0xf705-0x20000" : {
      "Action" : 10,
      "Text" : "[1;2Q"
    },
    "0x31-0x200000" : {
      "Action" : 12,
      "Text" : "1"
    },
    "0x33-0x200000" : {
      "Action" : 12,
      "Text" : "3"
    },
    "0x35-0x40000" : {
      "Action" : 11,
      "Text" : "0x1d"
    },
    "0x34-0x200000" : {
      "Action" : 12,
      "Text" : "4"
    },
    "0x32-0x200000" : {
      "Action" : 12,
      "Text" : "2"
    },
    "0x35-0x200000" : {
      "Action" : 12,
      "Text" : "5"
    },
    "0x36-0x200000" : {
      "Action" : 12,
      "Text" : "6"
    },
    "0x37-0x200000" : {
      "Action" : 12,
      "Text" : "7"
    },
    "0x2d-0x40000" : {
      "Action" : 11,
      "Text" : "0x1f"
    },
    "0x38-0x200000" : {
      "Action" : 12,
      "Text" : "8"
    },
    "0x2a-0x200000" : {
      "Action" : 12,
      "Text" : "*"
    },
    "0x39-0x200000" : {
      "Action" : 12,
      "Text" : "9"
    },